{"cameraMode":{"drawMode":0,"name":"Shaded","section":"Shading Mode"},"sceneLighting":true,"audioPlay":false,"sceneViewState":{"showFog":true,"showMaterialUpdate":false,"showSkybox":true,"showFlares":true,"showImageEffects":true,"showParticleSystems":true},"in2DMode":false,"pivot":{"x":-1.904306173324585,"y":-0.7731828689575195,"z":-1.6609649658203126},"rotation":{"x":-0.3601868450641632,"y":0.10241598635911942,"z":-0.039809346199035647,"w":-0.9264190793037415},"size":11.079078674316407,"orthographic":false}