{"cameraMode":{"drawMode":0,"name":"Shaded","section":"Shading Mode"},"sceneLighting":true,"audioPlay":false,"sceneViewState":{"showFog":true,"showMaterialUpdate":false,"showSkybox":true,"showFlares":true,"showImageEffects":true,"showParticleSystems":true},"in2DMode":false,"pivot":{"x":0.6545767784118652,"y":-29.390972137451173,"z":24.511926651000978},"rotation":{"x":-0.4049700200557709,"y":0.03756808117032051,"z":-0.01664740964770317,"w":-0.9134306907653809},"size":27.574932098388673,"orthographic":false}