{"cameraMode":{"drawMode":0,"name":"Shaded","section":"Shading Mode"},"sceneLighting":false,"audioPlay":false,"sceneViewState":{"showFog":true,"showMaterialUpdate":false,"showSkybox":false,"showFlares":true,"showImageEffects":true,"showParticleSystems":true},"in2DMode":false,"pivot":{"x":5.960464477539063e-8,"y":1.0999999046325684,"z":-5.960464477539063e-8},"rotation":{"x":-0.3601868450641632,"y":0.10241598635911942,"z":-0.039809346199035647,"w":-0.9264190793037415},"size":1.1319230794906617,"orthographic":false}